speed_knots,ais_gap_hours,spoofed_identity,proximity_meters,in_mpa_zone,coral_reef_proximity,benthic_sensitivity,iuu_label
9.363502971184062,0,0,3365.1514560734454,0,1974.241246184436,6.834312586700398,0
23.767857660247905,0,0,3984.4235789709046,1,2372.443940281357,2.551477258946496,0
18.299848545285126,2,1,1256.0871544685324,1,4274.1914920788795,8.851551070193334,1
14.966462104925915,1,0,3126.2461275369596,0,1706.6218864388618,6.518046151623174,0
3.900466011060913,2,0,2860.8711858030247,0,4349.551927212735,2.4148349520125882,0
3.8998630084050663,1,0,4164.987732057414,0,449.7908105736905,9.661042517330861,0
1.4520903042049866,1,0,4530.904867103896,0,3886.2242016710675,5.665289170017886,0
21.654403644373378,2,0,65.7230735295471,0,4239.262688943134,1.6560860668448951,0
15.02787529358022,0,0,3371.7294956986693,0,917.2700876583203,6.641496139735605,0
17.70181444490114,0,0,263.91981660304646,0,2157.4291965372804,3.278790163115292,0
0.5146123573950612,0,0,2746.5490320613926,0,835.8438755716415,8.233241066895722,0
24.24774630404986,24,0,1441.7254815731726,0,3535.9546036811466,8.360398662095715,1
20.811066020010543,8,1,1537.3491146130953,0,2681.3853626276673,9.810526202691957,1
5.308477766956904,0,0,1768.027724744521,0,3180.2635000745217,5.516825779220533,0
4.545624180177516,1,0,3108.3557830028026,0,990.4699651114936,5.094611917549634,0
4.585112746335845,8,0,1673.5795785155021,0,1066.6118516415734,7.781280449018325,1
7.606056073988443,0,0,3664.8317576984505,1,217.0716542944328,2.192235907077339,0
13.118910790805947,0,1,2025.614290941479,1,1617.1170006266914,5.922239624138117,1
10.798625466052894,8,0,346.4242355482433,0,2803.125860055038,5.9162284011776585,1
7.280728504951048,0,0,3919.8804132081154,0,4291.095220846671,1.8052581052934848,0
15.296322368059487,1,1,1432.3628313405666,0,3337.967962818817,4.761856769562222,1
3.487346516301046,0,0,2166.6705635983167,0,2182.6276537647595,8.679563187104819,0
7.303616213380454,8,1,3428.792196693398,0,4766.069370826747,8.705382597951942,1
9.159046082342293,24,0,1665.6185049578164,1,3599.033550873401,1.8931389842771291,1
11.401749605425898,8,0,287.6453524528445,0,4651.524362284124,1.8164879447304778,1
19.62939903482534,0,0,1872.735629829004,1,2642.6639866281066,3.3642592930174176,0
4.991844553958994,2,0,4722.520670558046,0,1301.9323312177667,8.872894562985941,0
12.85586096034029,2,1,3210.463314506298,0,273.60516495996274,2.1601232656614906,1
14.810364221551062,0,0,3359.0383475926988,0,3633.163408904414,7.479971223647016,0
1.1612603179999432,2,0,3163.249357420011,0,615.3019600476152,1.910490576517929,0
15.18862129753596,0,0,998.9657341023868,0,1520.8478900771163,6.608240683730428,0
4.263103092182289,0,0,2094.5776511908894,0,2667.029830340648,4.204605692072303,0
1.626289824631988,0,0,3755.9442928247745,0,2826.438773020941,8.100225666692804,0
23.72213843133333,0,1,511.35762327802996,1,3006.9101529658087,3.1032140394282726,1
24.140800826863984,0,0,1392.8746165681127,0,839.6140984450062,6.752816464509639,0
20.209933702911528,1,0,1385.2139467869388,1,1904.8896500600272,3.1211428111829647,0
7.6153442293342675,0,0,2162.9345433345575,1,3089.7991933136636,7.4229425480093845,0
2.441802850159597,1,0,4901.941861006215,1,4849.396134522586,8.863102311046738,0
17.105825662803923,0,0,342.1752206856906,0,3640.8793771214464,2.14121619214084,0
11.003812343490033,0,0,2595.911466931072,0,4613.7927478988495,8.79936119735953,0
3.050955871119471,0,1,900.9265866509912,1,3813.4381709877434,6.3421772897286814,1
12.379422752781755,1,0,4853.5293443216715,0,2962.667674773078,2.1439944178032158,0
0.8597130278804599,0,0,570.9510061136837,0,968.1966119903593,4.847876698237409,0
22.73301005196955,1,0,2020.9870067961483,0,3336.76140294364,2.447742641365881,0
6.469499540000423,2,1,3690.735499248858,0,3120.664034139936,7.303130999799126,1
16.56305710884955,1,0,3524.2493679970894,0,3016.3211605817596,7.8298132097615465,0
7.792776902235274,0,0,2116.5295412851915,0,2454.0314812613215,1.9521686824551905,0
13.00170052944527,0,0,1735.8882189238275,0,2647.9964539064854,5.5552586742517995,0
13.667756983581992,2,0,1991.0738308715886,1,1678.8682103193394,8.331625504233255,0
4.621361388138176,0,0,1325.0599344774032,0,2601.370336285093,9.425467373958968,0
24.239615694113965,2,0,1030.638028840465,1,995.8039693356064,5.62166080067593,0
19.378320584027865,0,0,2417.7832893066557,0,4027.8202428282802,9.552513012502663,0
23.487473539104727,8,0,1346.3261115576986,1,937.027003946552,5.821200734104268,1
22.37068376069122,1,1,1440.8710161617644,0,433.9817865484374,4.547714451399171,1
14.947499470277128,24,0,3285.4965370554123,1,2186.8676715222155,8.633828156976058,1
23.046855875577922,0,0,4842.843971840962,0,3294.9541231352487,5.436844394122802,0
2.2123125512979875,1,0,3020.1678167940786,1,2194.206956418371,5.247122595080707,0
4.89957156047863,0,0,389.51243798950657,0,1391.00311843703,5.412812404688455,0
1.1306822227634516,0,0,382.54015120106453,1,2795.2742076132995,8.621065016827709,0
8.133258269081608,1,0,4757.358988123602,1,1741.5416537068777,8.48747387519247,0
9.71693224223705,2,0,1489.9674975851315,0,4665.009773731899,4.631679931961901,0
6.783725794347398,24,0,464.8745954819648,0,4613.999246621825,3.9996987388347254,1
20.718437728798232,1,0,2997.227712816156,1,2516.8353816607564,5.427352216352164,0
8.918833167339733,0,0,3120.1256475598793,0,1646.14113015111,6.154952587633981,0
7.023362742184519,0,0,3244.2815764928473,1,3688.290745643629,3.1450348956519725,0
13.567402078956212,1,0,1340.6731291484189,0,193.19758798050253,8.145595762440315,0
3.523105624369066,0,0,80.4778676513028,0,2379.09734015782,5.378344891591806,0
20.054924518850992,0,0,4825.251770425087,1,1688.2537374089643,4.0064099357796366,0
1.8637660919942705,0,0,1258.210763227057,0,4603.474066661748,1.9613889366759154,0
24.67217341501293,0,0,3381.7513088224746,1,69.89510609068589,3.1496064436324622,0
19.306119232416435,0,0,3534.616200044154,0,2768.546229834562,9.543530545803854,0
4.96789203835431,0,0,3051.987048312031,0,3705.911269522464,3.7458971813757396,0
0.13805292809005998,0,0,1567.972434097173,0,2430.2397577449656,2.519733604303318,0
20.386535711370854,0,1,1359.1257875515084,0,436.1611205119811,5.146055124894938,1
17.67143359619043,24,1,2990.353072100002,0,4862.582336239232,3.763789690242238,1
18.225179201024684,0,1,4331.147689890399,0,2594.8720525667286,1.3164332524407474,1
19.281758667148644,0,0,4733.934975972361,0,3074.789359151867,3.9083069555147554,0
1.8511162933522591,1,0,533.9994929967694,0,1190.6828157104615,5.896977615455217,0
8.961643213606814,0,1,778.3689199256106,1,2422.655444682951,5.965411348179702,1
2.896726488128243,8,0,4723.957612621482,0,2151.455964872026,4.209030290591999,1
21.577585646889837,1,0,3683.993465532289,0,383.73025158989884,5.025724806273406,0
15.582453170688948,0,0,4415.554155024716,0,539.7401642018615,9.689661264112898,0
8.27245062131623,0,0,1017.1500075060391,0,4188.987872897685,4.396136295072805,0
1.588958757150591,2,1,2939.9914261914623,0,1206.7015615108853,3.324041319339847,1
7.774558042891555,8,0,3507.1922741152807,0,982.8417747781664,3.191203396600841,1
8.129583050668677,0,0,3402.158867807628,0,2529.508141738195,5.119881514337207,0
18.240154458451602,1,0,2043.7176958791572,0,3846.0481854989393,7.835681338452496,0
15.938936783880328,0,0,81.89748399808585,0,319.1131277091497,2.8538936576962586,0
22.180318564408164,24,0,2916.7156537372944,1,2888.2715189948967,7.383665144266913,1
11.805373129048732,0,0,1269.2421882021458,0,604.8601097744611,1.1903484101447466,0
2.9898561484575428,8,0,2254.0199594837372,0,191.9406436198361,4.770396801855514,1
17.831119680574876,1,1,4788.117170343668,0,273.19232128946476,7.982785586825082,1
19.019626215422434,1,0,1998.1814116239614,0,4172.478899960122,4.048596601969883,0
14.031929939237406,0,0,4199.809025288811,1,598.6826933040272,6.073633913008595,0
19.274179498864026,0,0,946.7603257175094,0,235.30530841733682,2.844813095433197,0
12.344889909109769,0,0,3363.940187635019,0,2195.120436843132,7.677958520135551,0
13.068320734549852,0,0,4885.149737422523,0,4221.527424990703,1.4705119294188367,0
10.68852545896374,0,0,513.9560388603193,0,1319.4177986816167,8.672883803879504,0
0.6354781686023797,1,0,46.5581114248241,0,2114.3459614543226,2.7837674777950134,0
2.697285674832611,0,0,2170.7460491999086,0,209.2134374931186,8.869582285374976,0
0.7857296421683563,0,1,467.66428784157915,0,2250.9017855330308,4.172763171704656,1
15.91026028159451,24,0,3743.1798266327755,0,2892.289272379297,7.5041521702703795,1
7.858899526908167,2,0,4573.170575923552,0,2858.8261982232025,3.873027680075696,0
12.71426727911757,8,0,2172.9347586802505,0,1668.809193950082,9.153205041111828,1
22.689161848152324,24,0,1297.2646525664277,0,1584.5105715090463,2.1397341296653694,1
6.232305728721873,0,0,2174.844578438016,0,542.0518584936234,2.6066781034533886,0
10.259573075890744,0,1,3618.621850160755,1,1840.3236200248791,5.437271126429221,1
18.888778463576216,1,1,50.22553709395304,0,506.4783976760936,1.7374459513433151,1
5.719954137290562,1,0,2949.3226774760624,1,3835.3137641131375,2.7638216623158574,0
1.9244977457198247,0,1,3068.3919660124584,0,4831.708745763447,9.49389743990813,1
7.2437863228442,2,0,3190.252793245198,0,4850.671538766867,9.788406950330984,0
4.030532181350111,0,0,1213.9002895044816,0,4326.704785883216,4.386333963973797,0
23.242441308564327,0,0,3571.693353273743,0,3007.9528252046994,9.30957418912542,0
20.203009489110425,0,1,461.50047422722315,0,3507.319829246961,5.903422081060886,1
15.835093912760586,0,0,1000.3553306516701,0,1433.1769553752663,3.4276821928639034,0
21.78651475469294,0,0,4387.9628830391375,0,3157.544396661377,7.321588489725388,0
20.091801922477863,0,0,3694.922137879199,1,2283.6912517049886,6.930116259173714,0
4.664251472150896,2,0,73.65904228666953,0,2415.266525486893,9.9021278719786,0
22.313974962249443,0,0,1245.639420547152,0,3791.3050362720383,3.3854255866835494,0
13.483556047891268,0,1,1075.960382550857,0,1416.7725944302856,7.048535523955619,1
20.186003879101563,2,0,1357.677608544678,0,1597.0176623556542,1.468213795265022,0
22.40228249808733,24,0,1241.5610525480326,0,4623.962537731897,2.0228143482704746,1
7.950086874296597,2,1,317.31884723551445,0,290.5592313063515,1.0352653745598395,1
2.751298113191919,2,0,2297.4078804011174,1,2433.3151490825685,9.995146129537058,0
5.698379063548542,1,1,3665.003706556895,1,4564.87599403523,8.220463274327301,1
10.677694715656408,0,0,3035.6249649635947,0,3055.7114090126033,8.080507132601866,0
20.45036914806233,0,0,3365.9939846474085,0,2736.571300318539,5.587534677593617,0
21.518264581408587,0,0,410.3401467885146,1,1256.2234543544826,3.7006037461489596,0
0.17380326327976758,0,1,4757.696097333052,0,1722.9446904315969,2.3613785601640833,1
12.768682564439143,0,0,4193.266710045909,0,4261.7215948654175,3.562072649618173,0
10.435275078719474,1,0,4026.426140885835,0,2800.498477524606,4.383740997362252,0
5.552695261768256,0,0,4115.804106183628,0,2578.5635468463315,7.8067908728226465,0
2.99663418334207,0,0,4663.888988123143,0,506.90277056474434,5.856956100128372,0
8.4403792850907,0,0,2723.54856073792,0,89.98050071106438,1.697352638999344,0
23.57274259781298,1,0,1005.4086792487914,0,4818.789091548375,1.16226108063021,0
8.080073300518881,0,1,3085.834121223443,0,1891.1609747613397,1.9209896158065685,1
12.969765543584153,2,0,3715.693060871355,0,3020.0331798765264,4.694488423276415,0
17.575473972379445,0,0,3690.8973798033567,0,407.7782152045521,9.398736253441164,0
9.09074005948235,0,0,2609.6378757135662,0,3418.7402857580023,6.7366223308829944,0
24.294552068024018,0,1,346.9513030712224,0,4663.507876442745,8.216433098879637,1
24.061182373552782,2,0,1858.7091274584884,0,2882.569612457124,5.197371350540937,0
6.294557395634104,0,0,4604.22920927447,0,639.3154586532987,4.254994748755385,0
12.431212647309636,1,0,2924.322304238343,0,2912.790422092649,1.9756033544496046,0
7.5219577454192414,0,0,2693.9680565622884,1,3834.0725933922154,8.883397199675844,0
7.1210123594366905,0,0,1347.9233043390566,1,2038.0185175043532,8.048440261251125,0
0.9221736838633199,2,0,1845.4023549833116,0,4400.390362227925,2.513062878379526,0
15.239108349497421,1,0,4477.25371532008,0,3246.9279372532487,5.610345074886345,0
12.566975580721538,1,0,3333.9829223965444,0,4497.252102263121,5.386373271291204,0
1.2869687812497337,2,0,3937.9981986279026,0,3121.291503124213,6.625823974178758,0
6.9661616059152855,2,0,2274.4553882229375,1,665.1269803040728,9.51568204592135,0
22.706647149166344,1,0,3153.0848611835086,0,1555.3616384148936,6.217942975862317,0
5.98904726667431,2,0,1245.6761256723216,0,1016.95679177976,5.861955401007568,0
3.6223718022805773,1,0,3528.776847266014,0,4545.044223607143,1.4529063964119755,0
12.236319006939075,1,0,2140.8686618481697,0,3804.3963357645384,1.5661672841622154,0
24.641261352765017,1,0,2215.514846499654,0,3385.2278608609304,2.6861211219411,0
6.05138178778751,1,0,3248.3650112615237,0,1511.8219349617923,1.2922369452257345,0
16.803388685146963,0,0,4681.721704237289,0,928.3834125305655,7.690176060130112,0
19.04049038321794,2,0,324.7117013100615,1,3784.69092906467,7.509972735945668,0
5.940938599809992,2,0,4124.592470548303,1,2376.0481499366074,2.2245061098847865,0
18.20540871529649,0,0,1465.4536365089045,0,1136.6898652316393,8.524710107157528,0
9.19457831798133,2,0,2222.377675259357,0,3086.9436710447226,2.3930743136150077,0
15.807645764839487,0,0,114.45707723116973,0,211.26592217087537,3.7105802829762293,0
15.838242769022367,0,0,1508.7251587823937,0,1637.589568099985,3.240792092452285,0
13.394367101868962,1,0,2515.6430569375016,0,2348.0994030097618,4.35076388715743,0
2.2572442513602073,0,0,285.5995063504579,0,748.3120872059352,3.291973893009657,0
20.88256238973095,2,1,2458.02316826891,0,4923.425843178289,5.400558337946069,1
8.019501624293396,2,0,4635.917591147844,0,1053.395849302175,4.666670932192169,0
4.662962759996356,0,0,531.4391244484871,0,660.4621189158951,9.879125417013938,0
1.019378538869098,0,0,3823.381436737144,0,1025.639020695613,1.503337151154031,0
14.772323579706045,0,0,2051.3069116130832,0,3847.615054467024,2.2796323874861644,0
16.93910904605706,1,0,3277.5927040490683,0,2133.2732397664954,1.4754330451774225,0
0.4146957231964038,24,0,1304.8818069362205,1,2831.4255393651647,6.632570754841382,1
12.802326457482025,1,0,801.6638513940846,0,114.83569336194012,1.4905834967234761,0
5.662394379948449,0,1,806.510758284776,0,181.81222978083963,8.52795763638511,1
16.129319760236246,1,0,357.1072684875075,1,2234.669493636811,5.60744767613735,0
4.359160725124786,0,0,932.3052909817089,1,4085.1096635761014,5.743068621233803,0
17.273443452561647,1,0,3322.7758280198964,0,4427.342004750751,6.054350569409748,0
9.668383657513434,0,0,4409.0446061583225,1,442.6657723022447,2.5373233567558966,0
23.418249718418362,1,0,4071.557799527853,0,2696.431879484104,2.7792127280303878,0
3.4380236036498313,0,0,3427.245877823048,0,4567.01613453356,3.8693559058570424,0
8.526658776256463,24,0,556.6071577384579,0,1945.984044445453,6.341467742396663,1
2.836838031014727,0,0,1449.4912942482695,0,4149.533498827559,2.891059983461931,0
23.11734045696407,1,0,1552.4853422357326,0,677.1413154531866,2.046985544199351,0
21.933483834524527,8,0,1253.5349472561181,0,4677.618503442315,9.73105197776589,1
6.44854069287889,0,0,2577.453270250067,0,3759.6023544812,1.1978363332866062,0
16.499601150854478,8,1,2680.0913053239647,0,4707.258620006639,8.224276648024194,1
20.430555005030396,1,1,1787.6454459796955,0,3386.319995427007,8.092316346175199,1
13.880020289986557,0,0,1772.1768478884978,0,1823.3856206771407,3.674927024605864,0
13.241264458900162,0,0,4143.635211540876,0,4691.524050898365,2.2206395440658206,0
6.046307272511292,1,0,3947.51777735683,0,1385.0782137828005,2.3106578203488106,0
2.3275691951474804,0,0,1542.4401792453245,1,1667.5408850880453,7.276884555134733,0
22.430393948833167,0,1,4569.37327714693,1,3507.0340058286843,6.785259319775563,1
22.51045142908326,0,0,4764.311009927517,0,3828.9283346316774,8.04471106826248,0
15.827536431831698,1,0,1637.0789974400539,0,4647.723384407278,9.437330551591941,0
8.475744776217518,0,0,1775.352619221309,0,1031.9640211904853,7.227346269399328,0
8.730239365316523,2,0,2530.6425963426846,0,3992.0101957439274,2.402663828962991,0
18.148891971755983,24,0,4705.8984586056995,0,3695.3448064508475,3.190983550888696,1
22.42775649881443,24,1,4382.2155685458465,0,328.3348357054534,8.579743577858032,1
22.177160606627933,1,0,517.326973105031,0,1942.2434746389326,2.883754682507877,0
19.496888646440595,0,0,1966.690062640724,0,1420.999630729892,1.6527008525903328,0
16.050791153857194,1,1,2769.0890928001104,1,1529.4072175266117,7.329520486380254,1
2.1034991248762207,0,0,2518.1467003949424,0,4914.904928977957,4.6227371994112785,0
4.040717852365344,0,0,973.3460243447789,0,3217.45929326484,9.280360472913133,0
22.463854713176982,0,0,4294.7897719849325,1,3591.2040273895627,6.8522956398429535,0
15.160726491489749,0,0,3386.3192110692025,0,4883.322010201896,1.8137708001249466,0
0.2299262904157412,1,1,4190.3523323847585,0,1892.236894463617,9.530709105282947,1
2.5367885716508027,1,0,4294.527575350614,0,4011.1824405795014,3.327015372762213,0
16.587544227701397,0,1,3743.0374890603703,0,2178.3095068894318,4.034912413656572,1
0.12653959615546717,0,0,2198.856953242338,0,4348.973022356749,4.620343723151878,0
4.020201285437467,24,1,3054.6810413020457,0,911.4811311434029,1.4610186676388193,1
13.718344734164653,0,0,806.025203568117,0,4738.954023550755,5.468638800075444,0
17.29737994231733,0,0,3369.858860287164,0,1101.6708249702895,2.1098664196776302,0
16.299031487565014,0,0,900.3700124177074,0,1637.8403298348483,4.608732940195166,0
5.606732736513995,1,1,3471.278204598233,0,3783.399248192835,4.156388091928759,1
17.8044805336884,1,0,1151.8428129660736,0,1974.8381564113795,7.95556075083853,0
5.931227187420002,0,0,592.1687442503487,1,3044.974770064569,8.22853460469458,0
8.134992453981694,0,0,830.5960282640724,0,2228.4217703364484,2.380715941501792,0
18.662285127950604,1,0,14.950715419255989,0,3714.425986078011,4.298960686413036,0
16.240822476180366,1,1,3595.1043911783836,0,1149.3729493193682,4.360178449286485,1
21.23058526235445,0,0,3663.3432400466036,0,301.70535631201625,2.3626939954247654,0
16.440322307508584,24,0,2577.092082816731,0,1506.6476933906006,8.186081545460715,1
14.207715083386791,0,0,811.0071912716415,0,2376.800237693467,7.36505495501881,0
2.341869195702312,0,0,422.35391586589526,1,848.420060441466,2.7134360766733128,0
9.192895076485838,8,0,100.54918735424862,1,1780.4384753853794,4.300497177344191,1
6.630059192043136,0,0,832.9121439412775,0,2005.915261284907,1.952245223708628,0
6.099741084477089,1,0,4454.823397240818,0,296.385300004485,6.6538593738373955,0
24.32526386881114,0,0,1211.4765242999003,0,2920.7031684391804,2.092347320937577,0
9.82744311666901,0,0,1774.5852794499922,0,4422.873705576725,9.87340751762426,0
22.301163879427833,24,0,531.2006949842593,0,767.1971356357316,8.026138672190761,1
15.778465649931572,0,0,1115.6947172171106,0,2993.061986873555,4.512146946255956,0
19.87028258854121,2,0,2598.5267310471245,0,3327.048632505123,6.2070753905141896,0
12.565927327629803,0,0,3040.7246520627846,0,2102.480055292249,9.20207634594768,0
14.422597115658977,0,1,1230.5348092602242,0,3508.476960947707,5.986893523562435,1
12.312942345471598,0,1,293.37213532946043,1,2059.55040202015,2.5704863775815965,1
4.881074694951113,1,0,1958.2091812913563,0,2528.1400670074004,4.408330200230434,0
18.06130288153763,0,0,1174.8458377770392,0,46.691692326590626,8.588303785267708,0
7.019309061021395,2,1,1101.6718465328606,0,3461.683369532097,6.797917143906561,1
0.607899160786346,0,0,4799.514699553709,1,3310.099967934175,6.856519459004203,0
16.136807397679195,24,0,3083.4209271989916,0,201.62037785845936,8.801393371196403,1
4.427766985176223,0,0,2786.607823644619,0,1847.5680359017142,9.045757517162542,0
23.51146460882286,2,0,2081.796642098993,0,4895.368885550421,9.278133146014927,0
23.848214425064683,1,0,2147.5769454835704,0,2109.4754472173977,1.853642739278405,0
22.871609755511212,1,0,2706.820494171214,1,2514.7075716078903,5.897134017667908,0
9.25396750638611,2,1,3483.666886145356,0,4550.551489216996,7.664585690964867,1
0.3864154132216857,1,1,3512.219750428238,0,3589.1367605701244,7.812341606143124,1
23.207964064693133,1,0,862.6110689887206,1,2914.5299543098754,6.460445817730035,0
10.704603707932858,0,0,2503.0631966227515,0,3991.0453598919516,2.5010860166530673,0
24.16637047609174,0,0,2062.7306846953393,0,4323.187669615307,8.17678498547498,0
24.09049942723132,8,0,4353.2821965155745,0,2289.8714779689617,7.481002001634511,1
21.325236386684,1,0,3158.9375114857903,1,2380.7907410098587,1.7752219439413266,0
7.361222301739642,1,0,2664.857811747829,0,1936.3941689026606,5.174288422069386,0
9.627443215048132,0,1,581.3962376836922,0,4833.863638692118,2.565796595696232,1
21.278416787921422,0,0,3030.16125717044,0,3488.8596089088483,4.037293411416747,0
7.923050128906942,0,0,590.433508872766,0,425.2831003782807,1.1627298298511688,0
4.237318667152312,1,1,1689.3468449509317,0,4316.168520331962,4.6029688156968245,1
13.920031561458753,0,0,718.4956142475877,0,2407.9941047729776,5.948892290405894,0
23.403869354019523,0,0,3461.907866886723,1,353.08199304821244,6.576243335443781,0
17.400744916874324,0,0,1035.2293086115822,0,2753.089103264922,6.971413106158391,0
14.251529252234125,0,0,1962.3375690741898,0,2091.6497520887533,8.52662181792214,0
2.4294123442692133,0,0,4478.895514205799,0,4389.969530264498,2.9391661654815704,0
15.375180667479244,0,0,1025.5603350778565,0,1027.933072010843,2.0843364019462114,0
24.75134625260658,1,0,2541.4862944741017,1,4134.058401365993,8.663834547081331,0
3.5021003809131006,0,1,2099.26194752428,0,2792.866569015409,2.409515334033849,1
12.958241309093419,0,0,95.52958502342001,0,282.50541303521055,9.772840732025758,0
21.934326798198885,0,0,3964.8267772962,0,4859.508053614169,8.582844064587732,0
18.51921544385511,0,0,349.88430204142566,0,2567.9500680749675,5.507889453006392,0
17.4253935248817,0,0,2373.9038297798834,0,1461.4755026155967,9.832792824298227,0
17.56210209967773,0,0,2805.588083220055,0,2352.340141526398,1.876390561972038,0
8.98727878049388,1,0,3143.9901507898626,1,4290.71033975227,3.727591850575915,0
7.339796106612334,0,0,3444.7149883928387,1,1531.4665906814669,6.744019735365503,0
20.23402888696284,1,0,1270.0955556959618,0,971.4552184686346,4.150061816258608,0
20.25283486697952,2,0,54.84398940895462,1,654.0655221850984,9.355352967827127,0
21.676807964502594,1,0,3618.6010934627852,0,1496.3183979671542,1.590634793600358,0
22.83101381391178,0,0,2680.604713741155,0,3902.439954329817,5.944706488548681,0
12.783559971523445,0,1,4181.4079275202075,0,2363.415562324356,6.31779640655603,1
12.53790736717999,0,0,4107.834872688968,0,1145.1332024307644,6.874553113995017,0
19.95737947416938,0,0,4217.414208100477,0,839.2631480526485,3.30099600998633,0
16.24909826944413,24,0,2428.047826597803,0,1670.3200877867916,4.2810978476787795,1
17.549171931442583,0,0,1671.473837205144,0,4700.2226206996875,8.593124766984799,0
19.894816735902527,0,0,3958.833221943893,0,1721.7032958242216,2.7544849207314384,0
22.25013354543916,1,0,2259.2140945811284,0,4940.739139013631,8.441810624560258,0
8.449878921288395,1,0,921.2937710351554,0,2431.2999742691272,6.063898806124682,0
9.3895738159986,0,0,4275.595227709564,0,904.0279522678529,7.859687600746739,0
2.349548496021725,0,0,4413.386584477875,0,4456.789058049612,7.422466296371244,0
14.45700352490435,0,0,2334.2172319201495,0,2307.1733119427863,2.867603458463911,0
0.8985568449185521,0,0,383.12013791238843,0,3551.260004087577,6.119314627904856,0
11.639950453311505,0,1,1942.1913191350716,1,4918.720800213668,8.809508375245832,1
13.566115867689415,0,0,4018.6706090157036,0,260.37499809667025,4.8890461312173645,0
7.16353130320711,0,0,4509.361272588412,0,492.50585333996,9.69931693200985,0
14.770831514225268,0,0,1021.3463487754913,1,3605.0791398991532,5.069935900915462,0
0.7625062484762357,0,0,339.53319206623127,0,1416.3067664444052,2.285070730010962,0
0.9337047187303604,0,0,4387.365513398529,0,929.6639707809943,4.504912120699059,0
20.565014016491457,0,0,1950.077670199482,0,206.4157803004502,9.565321657514835,0
9.004766035281571,1,0,2711.0960165164784,1,119.01509281114701,3.877487644058688,0
3.1765128162971195,2,0,4840.488731193541,0,3874.6831595677563,8.812883438803565,0
13.056081501370109,0,0,337.4908159315432,0,680.8228025740544,8.931256135137009,0
19.249838827465272,0,0,3243.348447223217,0,2343.925873696043,4.151678718987649,0
5.395525687421079,0,0,375.15658576146103,0,3033.42510774562,1.749318922455689,0
15.572261895475007,1,0,1880.4672976901693,0,2147.475484838543,7.521021182429364,0
2.1336866248442,1,0,4020.0536532412666,0,145.2621951578032,3.8036106911258742,0
1.2920430292151925,0,0,2170.193802614394,0,3919.672497913665,8.04631252831815,0
13.2838657892037,8,0,4985.925857745237,1,62.4609904628509,4.983893634343898,1
13.515878040252662,0,0,2797.5011283082777,1,3811.830572943645,5.367400681083594,0
15.935747537455164,0,0,1609.2049524165877,0,4467.589424002732,8.00118466073683,0
18.15228334306654,1,1,1104.456072894242,1,2169.8712060752896,4.441269979554651,1
24.396301986563365,2,0,1755.8500687593782,0,2682.356940758013,4.988146107906231,0
12.907508707529884,1,0,1865.8037024289563,0,2390.1471291620924,4.3857142189266,0
8.07391182353115,2,0,348.22482023118505,0,1952.1510069309597,4.30606463749552,0
19.879654869217593,0,0,1851.023126136732,1,4438.2484314980975,5.7335191921131345,0
6.770806281551856,2,0,2323.8714060974285,1,4470.728218243253,8.279195000510356,0
10.974285517640903,0,0,3615.075072432829,0,1685.7236595612574,4.255914807303093,0
1.9614095335566488,2,1,3285.363776184432,1,3079.198072533343,5.718292484839631,1
0.6337685853864378,0,0,3545.2844478696256,0,4635.268735107862,7.036545928983408,0
24.066210366948127,2,0,46.77659097490121,1,4810.6719097173445,3.4249550167328953,0
20.899503012805145,0,1,1092.2486609047776,1,2549.7056117060174,3.497705244121533,1
17.399355152342448,1,0,3310.113020557283,0,2269.5957783687904,9.400718143211094,0
10.223823610356748,0,0,2422.526894057837,0,1400.6846364833436,7.511811159979797,0
4.332358001771144,1,0,31.540810963388,0,4794.770647220146,6.19468008600978,0
3.9109260667771513,0,0,4023.4507389469527,0,722.6433793196081,6.8294804897855075,0
6.256072454114883,0,0,3865.1838185852353,0,2903.349584478148,1.2636949879307653,0
13.730666617653013,0,1,2744.3537191528453,0,1419.925834918008,6.562926690055272,1
17.86489806750156,0,0,336.98431225247924,1,1402.2513688355052,5.585579859017817,0
16.504934417943282,2,0,3833.74267241526,0,2030.7932510071805,5.911747118014921,0
6.998347423648571,0,0,2920.649370718163,0,4993.9767497201165,4.234814441477354,0
23.871632016579852,24,0,3910.890085904006,1,284.2818711307121,1.733265079416477,1
18.447422917394213,0,1,3759.9762270172228,1,2896.923672835622,2.74005310250847,1
13.858851312785017,0,0,4015.9953494293964,0,422.0350685960331,9.556702418914046,0
15.293018655858805,1,0,2592.450291691101,1,781.0589416526897,4.678296060438406,0
10.490001560694747,1,0,705.9209683766073,0,2203.4190794467645,5.200148402477778,0
6.193274737528936,0,0,3357.431579531545,1,2557.196055418742,1.474388108680951,0
8.899316966281539,0,0,3104.266556334593,0,1301.3741177389747,1.3380960658958254,0
18.946152761609227,1,0,3712.5546700594405,0,1589.1210830633368,7.454633023420819,0
0.3598372157438967,0,0,853.5556252234229,0,443.96543107710596,5.842851977090001,0
2.901816012672906,24,0,978.9011235019447,0,1523.06672138281,5.5783538579464,1
1.1500660505438187,24,0,4452.595538510545,0,4833.126612508915,3.1881207738040183,1
1.0182200579742533,1,0,3751.1391032680935,0,4724.0898345456835,7.7027565846693005,0
21.38651460027518,0,0,4541.601301058113,0,1681.042667783555,2.514129211976427,0
17.59144648450059,1,0,3794.7830292137837,1,2858.56114203102,2.70941269294918,0
11.85434572718313,0,0,2987.790753421558,0,4548.881001643612,5.146409542134479,0
2.445854016275037,0,0,3272.393021454229,0,40.85727497807441,3.576518759007468,0
12.29039687792081,0,0,4446.193980080349,0,4055.3110159845833,3.2271668310983173,0
11.836794269514142,0,0,2896.139738787143,0,4742.364068416706,6.807138800979985,0
4.330046747750379,2,0,3163.7946650202953,1,465.71541432444974,6.858745706966901,0
10.846291230949326,1,0,786.6011964379849,1,815.6239533042759,8.420653628199364,0
9.962618359934336,1,1,2372.236494479933,0,4804.124050829064,4.759377102756783,1
15.396252451305411,0,0,3583.403574230704,0,2692.325316765328,1.6577658192353522,0
15.877341271691096,0,0,1358.3587780902453,1,80.84120601390127,3.462997464293119,0
1.132600244301113,0,0,1015.259631720052,0,1295.5836738300104,9.820049168771352,0
9.36531536566178,24,0,1572.5649070809557,1,2255.2189346016094,6.366327177094319,1
15.64649789285591,0,0,1211.295636824203,0,3467.615466013591,7.387633763209182,0
12.578406464502192,2,0,1078.4886219967973,1,3668.47028690263,1.0662204666287307,0
21.412246029708058,0,1,2127.1299601260944,0,4977.153349498026,5.663851589642688,1
16.467340790473624,0,0,4539.653376848253,0,1444.6808849249576,1.3377579177862282,0
4.073360677035742,1,1,2537.762935459898,1,2695.7183083236914,6.123071908823031,1
1.764218685010746,0,0,943.6623021725385,0,2671.284503819429,9.286937646724677,0
16.06048195515789,2,0,389.473488557466,0,2034.1698446417151,9.715772174503671,0
0.6627827635405453,8,1,3482.2999449639365,0,854.1178502736768,5.8649740785003175,1
14.644389531836582,0,0,1917.0798283597571,0,4887.508250287375,5.123843247269944,0
23.50575603562394,0,0,4110.04557819387,0,4268.052761466264,9.505153848236446,0
14.386854446896974,0,0,3299.256289360647,0,2496.6818111882435,7.062488487970256,0
9.704248155163048,8,0,3982.2260454541356,0,3020.194659193309,1.584093515845685,1
16.08220546105883,0,0,1363.3704668951516,0,1144.032657262715,5.191530199007478,0
11.456322262287916,1,0,3463.3328176929854,1,2723.497481254817,3.162205166178735,0
13.640419732898373,1,0,1323.9896135451254,0,3477.9009642761644,5.228238893038134,0
23.53662021941313,1,0,4695.6470548542065,0,2580.683471649078,5.0991901480572555,0
9.652565945019356,0,0,3183.689536259205,0,4951.523001218857,6.239303225332678,0
24.029764095597855,1,0,1625.9364418758337,0,3060.5948646761535,4.210934413143261,0
22.63376604890159,8,0,1351.211752149902,0,1861.1588258349236,2.4784340451033526,1
4.8947783697324105,0,0,958.6782924328593,0,3863.038617803032,5.5334749113096064,0
1.7340325218791364,0,0,3474.73158967417,0,860.6079327923939,8.471825959111857,0
2.5194500344356663,24,0,1097.484486924647,0,1928.73391039427,6.976110052608421,1
0.4555456412887432,0,0,2978.539813307808,0,1741.3251623841534,4.0453107933269425,0
2.36107401889821,2,0,1326.85195949216,0,2164.7174045878087,9.419707204829715,0
17.075169335408923,0,0,3311.5348792453738,0,3911.081331384344,9.209868141242639,0
1.7797162115057246,0,0,4075.6239440599934,0,2426.0234304954033,2.8841355944568887,0
7.9743907573440325,2,0,3891.2360895075426,0,3972.132106827154,1.3547582660832669,0
21.121882774236365,0,0,3805.4523979992546,0,2886.6796266679307,7.67177837515686,0
0.5817983933956467,0,0,942.6734164327991,1,1716.9264789412011,8.44849235214238,0
20.361712064723395,0,0,446.48281018767096,0,4051.7939309805274,9.710781093562197,0
7.0463693693349985,0,0,3496.249398294491,0,1199.065456059927,9.008527546794797,0
2.9541206905414064,0,0,1844.8943329027848,0,1129.6710692009794,6.404812913857733,0
17.418429134103768,0,1,2164.56940088472,0,2527.4695910336304,5.770471052911427,1
15.7235711694971,24,1,160.58971850298838,0,1311.6377373508237,1.2505694613632765,1
21.936800338176322,0,0,1301.5843641288707,0,55.34430440656944,3.2199080216030005,0
18.376776095097146,1,0,173.21363735294779,1,3245.0046612210194,5.136532765596338,0
20.087023259621215,0,0,4396.532934143232,0,2560.358169147266,6.6565351007521105,0
7.050864314282662,1,0,1220.7664326765598,1,2233.1338943208743,6.015266499865696,0
4.435988594493071,0,0,2788.899162017175,0,4835.172887945394,7.683723907135215,0
18.76536879102146,24,0,199.7017067023464,0,2860.283927974939,3.5179023779833676,1
20.1708684816816,0,0,3335.902719571762,0,4318.523573169029,6.084573468872259,0
24.76262855001683,0,0,1618.5215920416988,0,705.8566786637492,1.7932801905171292,0
10.315441922785663,0,0,4490.10633885354,0,2850.340251015844,4.722989712248863,0
9.300452144819578,0,0,4441.150353725509,0,4341.218337387206,7.751447496591409,0
19.41032401854992,0,0,1629.8266387169301,0,2919.697728826691,7.240607680861396,0
8.520088506325447,0,1,4505.299673973887,1,3592.8907488537375,9.915784634549611,1
23.268933140089118,2,0,4980.8075791264,1,1866.4974033829149,3.501020133889804,0
21.460318796075295,0,0,4127.95124229912,0,471.32309001496236,5.483703692565812,0
10.72485068437546,0,0,4225.132382037369,0,2294.922472684086,3.9657737239659703,0
18.771776694787434,1,0,1248.7986368649042,0,1978.452160285899,4.965428026532573,0
18.863571852117058,1,0,2885.6284822944926,0,4336.630310070947,8.712551168824493,0
2.578096720898315,0,0,340.94329026700245,0,1227.5365587388364,7.1578816766963795,0
22.563822666989168,0,0,479.1150944242402,0,4834.003795400189,8.941970722128236,0
12.631309311196429,0,0,4994.468597106286,0,4791.109217824436,2.831599974986978,0
20.661436652693542,1,0,1636.5630508824252,0,1245.681898926479,8.860250060572941,0
8.001240025765293,1,0,3742.178640683988,1,1746.7792578318292,1.53786046760546,0
22.388080712405014,0,0,4034.2919398689482,0,4478.823146960686,8.997393523934372,0
9.730041968354078,2,0,4290.82623868111,1,4833.444882271577,3.9616640151465514,0
0.270941287007459,2,0,4988.153345523772,0,2222.76112315186,3.8312887007265983,0
22.63454941048159,0,1,1211.274943858055,0,1611.77525774808,5.608797190287976,1
2.282166919653339,2,0,206.55238016420003,0,2635.209126125195,9.466211689509086,0
7.982840939760372,0,0,2058.901632382957,0,3441.9683397650165,1.4300322821326483,0
23.751549176270125,0,0,654.75294579559,0,1374.6378317211493,4.170078775636708,0
23.765178673438903,0,0,117.01731636446534,0,3685.0011413491734,8.709147898150022,0
14.335947203082153,0,0,1805.3320015717231,0,267.77021200205877,4.5644902969192005,0
15.795930304244981,0,0,3919.772564120806,0,255.97951889443806,2.7924120783736033,0
11.211138049457995,8,1,2833.072552669229,0,1937.5756486762707,4.823147631982706,1
7.3302692924516135,0,0,1567.3260561057184,0,1773.8312283829957,4.469972513425024,0
8.2166136342479,0,0,3273.438317436135,0,1585.0097446820898,9.238745813200332,0
16.81296140192596,0,0,1163.9308106425096,0,2460.188615717861,7.857409381687874,0
18.809363235942,8,0,76.8353231300647,0,1610.4605757347404,5.546040001696057,1
19.789476093146213,0,0,3822.9451652499547,0,969.3670131557787,9.89533510049414,0
19.740453569863845,0,0,3120.5967088957254,1,1554.2530499521185,5.18749778148331,0
2.280152576217259,0,0,3812.701609382295,0,4874.772321323072,1.5241404773824772,0
12.360507617564537,0,0,199.49539335488973,0,2061.4559508042944,3.360468896334864,0
1.438969000416107,24,0,4186.412541014108,0,2229.1167565230953,4.924634321973814,1
13.738222058093388,24,1,3099.5333691813353,0,2886.959499856189,2.412123617315081,1
11.038262534334425,0,0,2819.1597768096376,0,4916.87043438699,9.528086136916388,0
22.192604568957496,24,1,3124.947170332085,0,1215.5903694144574,7.901640080359958,1
8.772875313801967,1,0,4322.844068107479,0,3409.597731556845,3.4145848038499538,0
2.9266754106901467,2,1,2936.747850261741,1,3582.7636207732035,6.317240801661242,1
3.5747920513208964,0,0,2906.847147541456,0,3040.548839797399,7.4930424139861485,0
19.037765792936806,0,0,4953.4423895435,0,452.00591478685396,9.471510360161181,0
15.455451582906527,0,1,3784.8671845074973,0,3387.5926563796065,8.934718142578696,1
2.5280669030697562,1,0,2214.2575582284207,1,329.8326080705156,5.636730035243923,0
2.1026701528749356,0,1,3538.448015164474,0,2984.751821253986,7.971873578137158,1
17.524228286478,0,0,1949.2062061004835,0,3700.510074336496,6.059302784448265,0
1.8190751591048382,0,0,1148.2329351050776,0,1062.7397541935525,5.974335010409861,0
20.546501482258904,1,0,2986.2751250543583,1,4209.693817638443,2.032677625043727,0
17.656055678912406,0,0,4641.269580079188,1,161.46548960969128,2.1352389221453687,0
2.033719516047494,1,0,4646.051902477237,0,4220.626189654948,5.765802535202117,0
2.120942852129798,24,0,1712.816864136924,1,2307.041962707398,3.4197539048110595,1
24.665989462529385,0,0,2640.7489437773665,1,1095.763820258906,1.1893321221442177,0
9.356769893903008,1,0,1062.1213133564568,0,677.5529435199004,7.505552835101911,0
9.266053676672273,0,0,4978.177391946922,0,4767.002766236039,1.2923793702114845,0
20.319989181437563,2,0,4905.683949800339,0,372.60128202997197,6.3574915699364904,0
23.681214434596466,0,0,3249.2971038886994,1,1003.4761654802691,5.852744147145829,0
24.650026595571774,1,0,4023.0482280889796,0,1745.6335136908995,9.71933221520024,0
18.83445463147354,2,0,3576.9253056120815,1,3104.971896315991,5.357918254128775,0
9.406489638272895,8,0,2967.8253041021435,0,2728.557415527731,1.5724129274001761,1
2.087517917466719,1,0,271.473244959544,0,636.9610271374468,5.965191710258155,0
19.42867289818592,0,0,2276.547891050542,0,1455.742638853691,8.569865535544913,0
13.960106243395126,1,1,3375.5575793262155,0,1201.37133771926,9.971643558532959,1
10.605550231174407,2,0,3389.270411349005,1,1075.5788439068035,4.8730885632016525,0
22.6588596273684,0,0,1868.747479019806,1,2061.6102390351352,3.8826886824706826,0
2.7799370576537834,0,0,4708.751473356862,1,3523.1169484323677,9.15987967256799,0
12.315627607271479,8,0,840.948376022721,0,1095.0901317640073,2.721179161685092,1
0.2838411191854767,1,0,2504.2954338467252,0,1839.7276097178772,6.538860235296339,0
11.716516049853157,1,0,3455.9654628713597,0,1960.6779599373997,4.65142981762853,0
1.4075818920459338,0,0,3487.193350429587,0,4882.518081882697,1.3697412845999977,0
2.970447906701798,1,0,3244.951589060234,0,4773.785120826554,4.12559626875128,0
2.938156169427622,0,1,1380.0646261920415,0,4002.6865379328588,3.387056702524071,1
16.230257552901588,1,1,785.2518105896768,0,1215.878014887734,7.1748203854913815,1
18.651121981635583,0,0,3181.521932499421,1,349.5061973174317,9.539114479227264,0
14.584219127428991,1,0,2998.5140701164914,0,1591.3516472259175,3.4124246864077397,0
24.054313711863546,24,0,900.8832713947587,0,1341.304801674816,8.303193452365136,1
9.371764488092602,0,0,3527.170032124964,0,2534.5697427305054,1.4982383524456857,0
7.1428021570465186,24,0,2278.584098709614,0,3890.8622712382876,5.843089090358318,1
21.714978204736507,0,0,3340.464155057749,0,4293.031465005502,1.6349505733890513,0
5.589895962986316,2,0,4187.648563451902,1,4225.871786198438,9.406296920175754,0
24.080563486015283,1,0,852.7935007417312,1,1804.7810505031082,7.897161525016512,0
0.30386186724540853,0,0,100.62861564419921,1,3439.299373868808,6.921549200841331,0
24.246970667690977,1,1,3896.617419046955,1,1571.0426456458579,8.415067434621978,1
1.0789977987644028,2,1,3050.4386386373167,0,313.91866074356176,6.827678160131469,1
22.278577842451778,0,0,3499.699650262498,0,3510.810675358682,9.72049957456862,0
13.192527727157497,0,0,4191.584100068269,0,59.039487323241346,7.425621530782943,0
24.82411990298251,1,1,4015.04061944838,0,2051.821111417858,9.32192748624022,1
1.8449141183849715,2,0,4804.796133909479,0,1653.6025538173578,5.654187028095742,0
13.84635711003302,1,0,2681.9957188663307,0,3469.9539172090736,2.0535797168367638,0
24.232563390477473,1,0,2445.035685136227,0,3833.564909074291,5.753599492807154,0
13.07744610425372,0,0,2012.4265634541966,0,1527.4322334967064,2.1418554525678397,0
15.734965953381563,2,0,772.6867590068017,0,4060.018802079819,6.332441312587646,0
17.39371722461543,0,1,2865.173128245702,0,1476.6446349196194,5.342437544748966,1
11.363526619194332,0,1,1388.677559008264,0,2237.1685363329407,6.603178580495035,1
15.688952002101587,0,0,4606.931023503813,0,3637.8224498005284,1.0904228294934843,0
14.607857798077506,0,0,2918.0380673641025,0,3467.671943831695,2.753564424898277,0
22.528950262274723,0,1,2966.2367016380103,0,4936.968676837878,5.421973887209178,1
1.1361595085364469,0,0,1777.848681080665,0,1133.5535108375,9.554532054302214,0
7.024079739805758,1,1,264.6868131286489,0,3314.966388562516,4.4524813631964255,1
23.760287101913967,0,0,163.56010803807814,1,3052.3127222961293,4.819348234482712,0
22.25659459727291,0,0,2119.5590450452214,0,4576.341287905249,7.4322648010596,0
11.391418819642823,0,0,427.40406359570306,0,790.2470868079265,6.434134815575062,0
15.503314945038419,0,0,3036.200542922995,0,3761.4728362987953,3.690335350884999,0
6.934529574528317,0,0,4405.460163170089,0,2845.660395181154,4.69734756010685,0
4.7030289930940326,0,0,4415.1595085110175,1,1380.582690241648,2.959298189715092,0
11.592460123499555,1,0,3296.931823610501,0,2377.4302215943985,9.694193132171877,0
8.83380570065132,1,0,1060.1029982072903,0,1675.545219378291,2.1757094340162375,0
14.591402796271801,1,0,4315.669172637566,0,2900.77387991442,4.3465310610977745,0
1.9433659241246208,0,1,4431.036709389475,0,4446.113047965183,1.2325507499801007,1
24.359870191654164,0,1,987.2846568400287,0,2850.831872216888,2.9960154274019177,1
24.65526861199007,2,0,3688.4432984245327,0,3162.2948674496542,8.024240245421394,0
17.45404285049363,0,0,1436.165146890979,0,2598.5517571024,2.810577090599915,0
13.40240915860301,0,0,4014.188360202884,0,265.3158771629248,1.7205706227606905,0
7.738190407158194,0,0,4986.203310018495,0,1171.9641988117103,5.27007861860071,0
20.344875492673715,0,1,154.9798966203171,0,2465.088629866093,1.0897231126106663,1
17.118279313846983,0,0,4487.3424996257045,0,1558.0740658860768,1.7628953898369986,0
4.065423483622283,0,0,3115.039515325297,0,917.0003528283592,8.268632826066776,0
22.773179612346063,0,1,4867.046182728282,0,2525.622881173007,7.943260103736457,1
20.563431073079226,0,0,2327.722540044506,0,1620.8208693047732,9.236249383644065,0
23.7449978322981,1,0,4237.702713204012,0,1297.9571394353395,8.690638923196746,0
18.142987709709,1,1,316.6583726483948,1,2325.2872330275004,7.1485800691583625,1
15.335379898394747,2,0,1679.7188551410873,0,675.088447830044,1.4709957157059654,0
10.456075907265472,1,1,339.7476060672938,0,4639.451208046283,8.045637561879918,1
23.31821208385033,24,0,4876.8389517279575,0,4339.833468617003,8.609597297565044,1
21.65159723751021,0,0,4085.7846668228244,0,3541.0267228452713,8.19173931194759,0
1.1304667526547352,0,0,4263.474369123623,0,540.0069996663965,5.576311317772235,0
0.6591743624313001,0,1,4690.1363310123015,0,3881.6274998037684,3.0961165478453347,1
9.41158417195124,1,0,430.09191316832784,0,4041.7070672640048,8.607969781198541,0
20.263833269545824,2,0,1931.0599746041003,1,3841.145442394545,7.544465287661247,0
24.681903232873612,0,0,359.8192707747906,0,578.6897767250134,9.826850569499664,0
3.7604222775882046,8,0,1057.911542242393,0,3223.100705768146,2.4012333798033962,1
14.853267883803378,0,0,1150.6820563031733,1,4173.280730789499,3.0309812474684956,0
9.522271415775538,8,0,2348.1905191826554,0,2890.993472086142,2.9061833489335243,1
24.24785994536508,0,0,1346.4680264309447,1,3235.5728023881643,8.13285790859203,0
21.052973078392718,0,0,509.38564355471664,0,2297.2337623372678,2.6821656680510637,0
20.958217617778445,0,0,841.617990025068,1,2648.2495262214225,1.5999384684097548,0
11.717328994874258,0,0,740.6414399426942,0,181.54052317510883,9.987047259270657,0
10.37048755844163,0,0,4865.51860557193,0,3198.4254796466903,1.2233549030063422,0
6.835176798267656,0,1,3797.6660720577756,1,416.42159232688437,8.51719654142979,1
1.4093874162731779,2,0,4838.968519021462,0,2180.722825757715,4.288301573955875,0
21.61805940637633,0,1,2201.5037301070033,0,1470.348937360365,8.574539137820338,1
20.32252522825194,0,0,1395.4505659049696,0,2731.685471556448,5.991584420900304,0
24.992941832153264,1,0,3992.4745200598873,0,675.7475142608033,9.11468106537724,0
24.915920926847633,1,0,1634.6383206155283,0,3461.300575846858,9.33573687773164,0
13.885792640065686,0,0,1500.4199516582146,0,3977.1075692730674,1.081883631526984,0
19.224685379512763,0,0,1166.3674310781169,0,825.1387042183509,1.6787095839350945,0
23.619143247060702,0,0,652.7464962300556,0,530.522305885892,3.2532285661376994,0
21.241184766935287,0,0,1286.032989778746,0,736.1222591089222,7.023838747271515,0
6.183702543579941,1,0,1779.822143627069,0,4386.866533873524,8.994449768603555,0
11.263603382752338,0,0,3371.6010696879234,0,2645.664416164217,5.1394775616456645,0
3.2289853787873746,0,0,317.5113868861606,0,2341.632370077438,6.462758046468389,0
23.85127568146806,1,0,1056.482163628388,0,542.4919773207479,2.69649867516005,0
15.154365861272002,0,0,4046.0730832569234,0,3251.2844737172395,8.244701504935168,0
5.716070137586568,0,0,738.875008300935,0,4341.317963556498,9.705953002181229,0
16.792517110146417,0,0,1716.512506879995,0,4142.64748792403,3.417390396231377,0
15.453206011447396,24,0,4323.97131468141,0,3134.0129978141986,5.453433564404917,1
8.954067950821013,0,0,778.8519291614961,1,385.6407960918514,1.7750449945573643,0
2.8389398049907255,2,0,418.2704939128585,0,570.8611656083046,6.032229908166715,0
16.78932988981999,0,0,2425.267285424654,0,256.05184567802513,5.5250509766201255,0
13.007692522594832,0,0,1515.5854588362893,0,1294.821290297422,2.2999283573956983,0
19.30795979339098,1,0,2819.2247805968514,1,686.9507211302849,4.978595918062675,0
13.004087527799834,24,0,4020.0054279649585,1,1307.6397208596452,4.006941868779069,1
21.304537507963502,1,0,690.0566983229521,0,1931.4396980376189,5.696477877746704,0
13.797670969362139,2,0,2905.5919273486534,0,4715.484092514967,6.270889018859193,0
14.023449288384656,2,1,2530.01625814737,1,3055.7765383106434,1.0764602074648857,1
21.916340066458627,0,0,724.6735361359318,0,4176.519190557982,7.849053846545998,0
10.087071655309925,0,1,3121.872435217267,0,3554.6539885545376,7.417128626755668,1
3.3503807112660184,1,0,1371.8338872145544,0,571.3906213278924,4.2965774758587,0
0.7195669078334743,0,0,2441.7324211273426,0,3682.2428278060047,1.4764234201193642,0
18.878431391840476,2,0,415.9502597639241,1,1382.7434189800308,7.794392858065454,0
15.507738783836617,8,0,2300.6223657820474,1,3199.1481565035847,9.596576444303192,1
17.60199420248059,0,0,1535.7850228738876,0,1711.4002484785128,3.1613643641981275,0
5.324104037722768,0,0,4112.794149870845,0,4988.384593690649,3.911721523633341,0
3.409286889669244,1,0,289.6087413518546,1,1325.1218826889212,2.6543160053363346,0
0.3636166416970482,0,0,2095.943338217058,0,1402.8610491636057,6.1924251101035575,0
8.764688970164924,2,0,2294.8649635365327,0,4654.054555256367,2.3935725518270945,0
14.747942171365827,0,0,3626.4053511140983,1,132.97557913525014,4.205745491152415,0
9.806101127493308,1,0,2873.566437575604,0,3486.4780494872525,7.273117125408366,0
10.936873050593226,0,0,3337.7256242849344,0,3629.378689772032,6.041043847084135,0
22.60396736234371,1,0,3886.3611818305217,0,4183.529101277893,4.478163078951417,0
8.70638667558251,0,1,4311.703853422653,1,4872.452160085992,4.782246416267877,1
12.84973722899527,0,0,1572.80810612874,0,4878.2535765916955,6.058997943609065,0
19.591325318528575,0,1,2692.4234132926954,0,335.73102025665486,1.0527825509844517,1
9.913569558031753,1,0,4201.339851803803,0,4110.978220536984,1.7065888160824887,0
15.552167505696838,2,0,4947.308399170457,1,3235.086568950333,8.931322609867106,0
21.55909271866863,0,0,4448.148958663597,1,3240.237250521725,1.7009109018216169,0
23.73801559144105,0,0,1860.4789768087621,0,650.4661338073271,7.361232365894546,0
3.676837023225948,0,1,979.8567535071588,0,3254.43396056381,9.280343476981473,1
23.16469062903736,1,0,2449.5157243459107,0,4912.5880772002265,3.43615243871558,0
12.302907326988455,1,0,3709.499051921031,1,4559.97466200184,4.334422933535628,0
6.456109707473959,0,0,2465.3825084127216,0,2201.261997416204,6.120292652602447,0
11.478393905956533,0,0,2418.488412251774,1,209.34038669761077,8.935380726747262,0
24.500814382136927,0,1,4191.960953303594,0,1817.8445151010221,9.477150285343782,1
12.31545234982174,0,0,1810.211876440596,1,4133.68765488677,7.656069233001412,0
8.218790257187706,0,0,4299.67440068417,1,3510.4805163111787,1.7795778476922464,0
15.835021357918144,24,0,2036.989980753859,0,2302.1248414138427,7.022387399813657,1
6.003640469454827,0,0,1644.5243628633054,1,284.95666044256717,4.6927334968539585,0
1.8965832027165979,1,0,2272.6796064424966,0,2140.2046918382803,5.236308995419554,0
3.2219930477662304,0,0,3813.4225585809677,0,2350.434449192239,1.4423355131065934,0
3.201145973944311,0,0,634.3801291806515,0,4643.492109141738,2.7195592541172235,0
3.797567337807359,1,0,986.1139832807269,0,3209.0196568749757,8.11462246780283,0
3.4706793162352536,1,0,4757.466904187145,0,1565.148054106698,5.085629497430738,0
16.021868620080365,24,0,881.5806787698801,0,2631.3381396091,3.7149601746803396,1
4.547002109978621,0,0,2840.7979530656175,0,339.61598603257875,4.456171665684623,0
8.64168208309658,0,0,2898.6757609763795,0,4863.115495892187,8.689595619931122,0
22.419710247650297,1,0,2450.674187940973,0,1806.6989106343228,7.740991156644612,0
11.84904100657181,0,0,3225.502516641209,0,2394.558101016548,3.4508385746297447,0
16.68894346302568,0,0,1152.9844953591041,0,1782.8670314422438,2.05751656191136,0
4.307996780040746,0,0,2765.548027544857,0,3415.733533279839,3.267983994796645,0
4.807225470216769,0,0,1864.0054099582512,0,3314.538470064669,9.286808059492603,0
1.0217154066619716,2,0,3310.0279618477994,0,3579.458329540387,6.234299540647799,0
4.223376576804114,0,0,710.4115991488816,0,1348.0347157634849,5.801321878703046,0
6.964758475798965,0,0,2856.532697113184,1,1585.1857210086894,6.367542397232154,0
4.42526210691867,0,0,930.4254251397019,1,635.0036431700777,4.2942543917186375,0
2.21756334392639,0,0,1396.8221002596067,0,3280.994759512102,8.263963182875614,0
3.01589677751502,0,0,1097.4554526162983,1,208.58766540490623,5.709576243702248,0
11.519469200818143,0,0,918.2747104447415,1,2992.4348542620605,2.0507311249191598,0
5.158342960144813,0,0,4129.426203045532,1,4349.782465409653,2.1615861234615665,0
9.106746526201887,2,0,1432.1093004661473,0,4455.252419965272,5.831732318523565,0
12.585431771371422,0,0,4635.983290412924,1,2250.698424246109,9.429131962637552,0
17.25987071573413,0,0,4849.782994099229,0,2301.9254041832382,3.7751690950857886,0
0.9828034960274734,2,0,2858.4460473358013,0,394.0762232100066,8.825870519732964,0
19.985259972726066,1,0,719.2906077153034,0,3357.1174769607483,7.876860279209914,0
15.697509737272695,0,0,1875.8684756810085,0,4108.084507660499,3.2303119861621616,0
2.0439757987217977,0,0,3989.672655424329,0,1230.828722477518,1.327066734846182,0
21.83946560266943,0,0,1840.116689841867,0,2112.2913993504894,1.9166253862814446,0
23.02181001329533,1,0,439.65100542242976,0,4195.808290458699,7.556445404626962,0
1.5269489963715936,24,0,2786.1406300862986,1,4386.831133634817,2.79702764236582,1
6.921941203680094,1,0,4226.378653222694,1,1223.4681015184874,4.341438284548544,0
20.155031994826533,0,0,3980.652303781794,0,2757.3474663614074,5.515292494057824,0
18.70649225959146,1,0,879.7400849511145,1,970.540821672777,7.529213516051465,0
4.613025483909433,0,0,3365.459248990271,1,518.3750330563871,2.0190810093321283,0
5.233733083417757,0,1,1106.4187958610573,1,4556.491301945868,4.6572976474971535,1
9.26180256978455,0,0,1094.9466350881003,0,4104.332446118225,5.365656182284258,0
12.113074629775532,24,1,4370.9885076594,0,3802.574159997838,5.867443575743857,1
15.456369288257399,0,0,1252.0964189374497,1,253.3439308775707,8.36524577255695,0
9.222840989244311,1,1,1319.9204958574658,0,4220.206675624185,2.5451037553889524,1
11.563367903328697,0,0,8.263686852691276,0,2195.839938767865,8.270483066439601,0
18.686773453343914,0,0,4353.991825456961,0,1718.5516652463396,7.235905849269869,0
0.9170800722649475,0,0,3964.011091979628,0,2736.9170415166286,6.002837327790634,0
6.310923608600519,0,0,3138.5080307779367,0,465.8526811905436,7.295750833623147,0
17.83373964711381,1,0,3752.577490874517,0,3785.6662812684704,4.708159650564907,0
22.380170942179983,0,0,764.4825942853365,0,2916.3510336725963,2.245578273713121,0
12.791936052891653,1,0,2294.326354964939,1,941.0845833971059,6.991887162388306,0
13.302837131632891,1,0,1759.3408398071606,1,949.2786768475376,5.7220507601706005,0
2.6793002834944013,8,0,473.41374865379737,0,929.4007713476444,6.754373204884979,1
11.185309170586367,0,0,2433.221773648546,1,294.4419138841506,4.04198902925641,0
13.315431661375579,0,1,4604.094553461464,0,2943.114262364707,9.161799196058523,1
6.061762590868241,0,0,205.09529965821892,0,4203.3374061666555,6.286328817180192,0
6.731080773734524,24,1,1460.8472629015005,1,97.31608779706912,1.7686223586178644,1
9.432104077615566,8,0,1041.6669763474888,1,254.533178406655,5.048235916339858,1
0.5017799444431592,0,0,1194.542535060153,1,2868.1236806678594,7.807204492692708,0
8.051979139579457,2,0,4542.63058663748,0,4099.2834700764015,8.147211055590452,0
5.286200174913616,0,0,2343.004925900279,1,1640.4270639374815,5.4513734748738285,0
8.187433804447867,1,0,2334.165567634395,0,1754.5758500505335,9.05272813748171,0
2.9940532954812804,0,0,3804.075334064135,0,2985.769022508912,3.409015934748678,0
22.263182018497375,1,0,776.6885590046044,0,1378.3223167294934,4.695388275144399,0
14.839811338851217,0,1,2438.8904437297538,0,142.77574672764382,9.08737219512073,1
16.97755797861224,2,0,2152.7761445346932,0,3678.7903053269642,9.06631044824421,0
19.729280965183456,1,0,2986.568899280547,1,3131.993065577851,7.171414919422128,0
12.461054973226432,1,0,4997.790727735941,0,2907.972435287739,8.73082492409998,0
2.1730072021855924,0,0,3848.397225939825,0,3711.003803669197,1.798959402606094,0
13.427663545463695,0,0,1992.339186572049,0,3379.401879434567,8.784954785869987,0
14.671027950521978,0,0,4138.627496108865,0,1037.3511210098225,3.8855791589520408,0
18.635986854608248,0,0,857.6882747458385,1,1768.8804242473223,2.604983611853947,0
10.791488655741984,0,0,157.16611311325582,0,639.2896069763387,3.154328527078417,0
3.189507569889094,8,0,1026.2196204590439,0,657.9864969552264,4.761716572124984,1
7.094397644968112,0,0,1705.355722790727,1,3384.2167743191308,3.260728041440205,0
9.077057409965878,0,1,2555.3508835105017,0,4294.414533842666,3.8851082741484912,1
16.147931033290032,0,0,3077.570057003293,0,4814.035593467083,2.2148063746447786,0
14.269457616722796,0,0,4553.475557486036,0,3145.4521165717274,3.6655908900309866,0
8.902418147446156,1,0,2551.720777704536,0,928.6656035711753,6.150554330878011,0
24.66288121982449,0,1,2508.871844905518,0,537.1952237901642,4.976683372819576,1
15.144370483922179,8,0,255.96383406579574,0,4066.126347968421,4.120468851123201,1
5.930669793399862,0,0,179.38320551783792,1,2897.9948170363964,7.718069159714026,0
2.5445618155100935,24,0,2758.0440097722785,1,3095.242254858462,9.04158974253986,1
3.8214784796083006,2,0,2193.7021731754808,0,3909.495822885999,7.811103006121574,0
6.148943209612703,0,0,4196.706072926591,0,3519.3533663849335,3.988006319059113,0
4.017034331488892,8,0,807.5945256356666,1,4173.946681751922,7.699979510537983,1
4.664175601282644,0,0,129.73345227466274,0,290.5073882447936,2.3678216422664606,0
7.127379217346178,2,0,2247.9486458109786,0,3740.127977365059,2.172861892821618,0
4.33433988236887,0,0,1191.2053909775261,0,4255.755259037256,4.110643333325431,0
22.41913561566063,2,0,252.82379482749306,1,1437.8138618669886,8.269321321396513,0
2.0058436415410554,2,0,3624.3684428039064,0,3205.831897226332,3.217134225180717,0
13.112784739256366,2,0,562.4070347864512,0,1577.6686985464908,1.5692806800881163,0
10.259920674741538,1,1,3043.5559025388197,0,4790.275621747445,2.185385816857196,1
24.55946542271516,0,0,1408.8435020836114,1,176.78362645316375,8.72870471676622,0
2.8009725542013086,0,0,871.612771523335,0,2903.166290726446,6.704049562725588,0
9.946389976143541,0,0,1901.8588569819908,1,840.8526997770803,3.2788104703297902,0
24.236760831884222,0,0,4008.2216522336535,0,3563.9788238340216,5.997662427953632,0
21.637678147349508,1,0,1963.5074166383406,0,887.6925142591238,5.748216601828154,0
20.426801773732,0,0,3755.094397809223,0,1184.5624768728042,6.898923805965952,0
6.447570676123496,24,0,631.8040525117577,0,2476.910347118333,3.0986879897945467,1
4.272189684751646,1,0,3864.99324122707,1,4575.026400484422,8.779626884749579,0
16.716080498110774,2,0,1188.48195790871,0,1066.4547170183746,3.7843170587201156,0
23.234399728189643,0,0,3388.5786837949195,1,729.7577053793366,7.247184885786132,0
13.919072325348244,2,0,2831.0788664307765,0,3797.294390951613,1.145121817349934,0
14.290317236747496,8,0,4646.077862472378,0,2508.0914663463154,4.353914169047325,1
6.999477341507104,0,0,1939.6759772866935,0,4559.8077107850395,4.165388361629274,0
19.23732332979842,1,0,335.49511822803004,0,741.606640227613,5.891359857247131,0
4.6760937139380845,1,0,100.68165032850825,1,3233.1801861849663,1.6546263559947685,0
8.091980910106091,0,0,4135.158512058902,0,1172.0669392975572,8.111182363534976,0
10.63591096541042,0,0,2626.0545101188536,0,792.2345389716801,2.960027215908117,0
12.690259467111375,0,0,3877.3440389155717,0,3420.31278163478,7.093340333938092,0
6.060243310377006,0,0,1175.9558720575158,0,2972.486253344579,8.228909109196838,0
2.8709206184800884,0,1,1728.6933088386024,0,3776.589017228033,6.056892606173618,1
15.265501061040816,0,0,155.3688416955381,1,1554.21825646645,7.667948860497869,0
7.215763831006394,0,0,4807.65416124769,0,2245.3785653471277,6.95674280993505,0
14.530955535565306,0,0,3341.000193970563,0,2033.3036648887883,4.199768174368069,0
3.859067881855058,24,0,4666.359413357734,0,4920.606425192906,8.279726851302087,1
12.028502546370436,0,0,1331.1545551082163,1,1468.3222941295455,3.6523123289697517,0
13.314735813789646,24,0,3059.260738072176,0,1481.1380193503667,6.140916259763655,1
1.2955884205606727,0,1,3394.107341621726,0,1779.1955620547508,7.708579652273856,1
8.415106954848014,0,0,1591.1607527866543,0,2827.324465638704,4.410603188312568,0
3.360366923474356,0,0,4241.305628903072,0,1269.0904938760887,3.7249084685568254,0
1.5843742618191936,0,0,4736.071507186738,0,4577.296802492577,5.134114091555404,0
24.74900580974863,0,0,4424.851312891542,0,1335.7709686826547,8.361671449142381,0
8.058846124368074,1,0,3696.6395448171656,1,4480.120500485372,9.369295868310983,0
20.246861146365873,0,0,1390.9360752261455,0,526.3405675964574,5.9057507157390114,0
6.366016369094096,1,0,1411.6721303176305,1,3286.247884974265,6.953195847912867,0
17.037568055598232,1,0,4816.984800627959,0,4535.857737006836,9.129462600150227,0
19.005696497242162,0,0,56.371057198781685,0,852.0596976071654,1.8869216627164815,0
14.890968515196107,0,0,3581.6696163445117,0,4841.951530895282,3.0887072007954854,0
11.78940471375396,1,0,3532.6995819635345,0,2269.8879684734034,7.380100056264242,0
10.296022853681713,0,0,3115.3342570442383,1,4729.118391120712,8.413700157210698,0
8.721706663574883,0,0,4950.593686203894,0,3387.3320177139344,8.713261254975201,0
23.238228606195648,24,0,1562.8377816398076,0,1514.9184806690223,4.735964591694393,1
20.765485194693227,0,0,1703.1594596472746,0,949.629599336361,1.8040591206268015,0
24.125672766662813,1,1,399.30231771804495,1,1525.637880663246,4.94003329569658,1
3.107430587138618,24,0,2216.7766920359686,0,474.1568722207482,3.076611311863484,1
18.271686880091107,0,0,1308.9373885430662,1,727.9011520532156,3.6207680949696175,0
23.458511420525944,0,1,1720.216577377333,0,532.2555973289409,7.950408011537553,1
4.530826654141504,0,0,4173.6860923268605,0,2120.488283270373,1.679743774232982,0
1.6624066841694374,0,0,4677.745145069841,0,3979.936097525356,8.44823095732632,0
18.528016232251478,0,0,932.7366946659022,0,715.5039355395376,4.8490217724175215,0
14.361827829497798,1,0,1865.6821131095621,0,660.298961529956,6.3645753799053555,0
21.0457194189568,0,0,4643.5096577663935,0,3220.7104580914806,1.8068700811211111,0
3.4943094156572374,0,0,313.73326114266706,1,993.9430800206507,4.036231705215517,0
19.881682796497255,24,0,466.34083791633566,1,497.0740901638681,1.807308271133612,1
5.040683001193614,2,0,818.1409910851157,0,842.5744052458324,9.653893505929986,0
4.091398571642612,1,0,2978.088106463739,0,4619.419665425113,8.265354843936255,0
4.106644948274823,0,0,756.6089936749573,0,4109.141551353192,5.136694789208142,0
20.364368005784552,1,0,4840.541525346413,0,1776.7821661519195,3.01242293491304,0
16.629930517405004,0,0,2236.339063656309,0,3282.54562896369,9.40109594724867,0
13.076635619227982,0,1,2510.0822119490813,1,2691.00561160351,4.101369361542746,1
8.970762103087562,0,1,1237.0597859480054,0,3388.850074777994,2.4488598851863728,1
21.930013520327705,2,0,2357.446460911494,0,3416.529050789169,6.068479496085594,0
9.811127685565884,0,1,3311.2585950218727,0,3147.3827351493646,9.493967083103344,1
20.41498598678943,0,0,3757.1297990854437,0,1337.84582900117,1.0344726145029033,0
10.97837271425546,0,1,3770.5710731360155,0,204.64203960646245,3.1431235892859886,1
9.42361073562269,0,0,2891.5661079069714,0,2283.278242130643,9.446028763693668,0
11.56699464174016,2,0,4522.277076094317,0,4455.959684606612,2.5397737017144584,0
7.534446854103552,1,0,4087.9521972940165,0,2851.7913200076937,2.019191064758379,0
18.690234504406277,1,0,3786.455332919634,0,4163.63129809252,6.13168494219824,0
12.568009752311978,0,0,282.7495807939008,1,4958.205471376528,8.75659440965347,0
5.805317378670432,0,0,39.355421287148324,0,826.4448586499985,5.293988359245335,0
22.489364331864213,0,0,1066.1741495913875,0,3461.9704193184916,9.951078310160723,0
9.597280534330284,0,0,3319.3003515976943,0,3374.724932763123,7.112545295841936,0
13.588821527849715,0,0,2058.9314569683165,0,4899.977682317809,1.6666741648940295,0
22.661802774113674,1,0,2015.0192652000621,0,4928.147662424473,9.935489185137778,0
15.605949897849802,0,0,4423.511506706921,1,3436.5262725034063,4.671048131021713,0
2.922451017709102,0,0,4478.336426418535,0,1225.6378119911494,3.586622804609343,0
23.495803090336878,0,0,4546.330443947661,0,3994.793632271689,6.02091265220097,0
15.692701326785446,0,0,1572.8209921925613,0,544.0753797130801,3.738768326387779,0
8.372640366427152,0,0,3456.8237846326124,0,3905.689527816427,1.778117564081371,0
3.4818018165846816,24,1,1361.8077404654764,1,4551.878659482035,1.0128550877125906,1
19.8506297317574,2,0,957.0961162068767,1,1920.338639894492,5.046250176282361,0
15.501818898212838,24,0,927.2391244501092,0,3156.8701219655713,8.53177080003933,1
13.336527299408038,0,1,1713.8275662136523,1,2156.4122331631634,6.150836670670689,1
22.34731457627394,0,0,2152.6383108002096,0,2194.447624390761,9.992865690490968,0
19.71493028061327,0,0,4155.5911094200665,1,1558.750736649519,3.5816198108247996,0
3.7918719933187797,0,0,603.856011896197,0,3813.02680604712,3.524095582840498,0
7.793051694888706,2,0,3675.9546077374966,1,4681.521055190861,2.4377451421054976,0
6.212228495361644,0,0,2659.6172963755803,1,4704.346787579961,2.4765722943880166,0
18.598657314316924,0,0,1443.2869866665824,0,882.1586115259198,3.5666793640904304,0
0.8383108683944845,0,0,2466.6338247414587,0,4374.970811786265,8.135560407461744,0
14.247242121782913,0,1,1503.210638536228,1,3689.7828927213395,9.15181111572803,1
19.061467143517262,1,0,2982.4293664153383,1,1271.6586294445435,9.775784527369131,0
21.919140919043738,0,0,2172.0503946619447,0,345.7502184783576,3.090606886868074,0
8.552043717897687,0,0,826.2056177489993,0,1347.306361753046,8.931677910526826,0
20.53143261680032,0,0,587.3324574057051,0,4561.919101539813,3.9542958034960334,0
2.7657934238801807,0,0,2735.7449319502903,0,3169.5615877299037,2.0155649006519596,0
21.161307293362956,1,0,4512.553101264087,0,3608.0627578803806,8.83022432968149,0
3.1872165582995606,2,0,1723.0686443556392,0,1293.1902320343884,6.724950711792567,0
9.932182264009182,24,0,3666.335535577003,1,3599.7468963183533,2.4825780647295557,1
19.93238414448884,1,0,3295.013467924136,0,150.32631632683956,4.868481317617023,0
3.7479356837193443,0,0,4658.116796975858,1,1882.8535154073388,3.585319253893609,0
5.7312848808160375,1,0,4105.800181409209,0,3137.499209226233,7.631151118391773,0
18.056314209826656,0,0,2835.1932682327874,0,739.0218620511879,5.080746075618412,0
18.00091341365186,0,0,3286.867338679366,0,4116.787836490204,9.903519505957465,0
16.028690822132432,2,0,4492.440400587254,0,1182.806181071474,1.492704840336356,0
17.3487111116775,0,0,2000.5963290117393,0,3264.8827529640466,4.1951373952262205,0
13.568111083689905,8,0,1637.339555759598,0,2031.933741450895,5.337101503989796,1
6.294976472673818,0,1,59.001362757805715,0,2984.257541433459,5.5282019927348784,1
8.642399837597987,1,0,4133.622615586364,0,546.1782576182516,3.8434224014707308,0
4.539942920035641,1,1,4005.8985985148074,0,94.39487160882055,7.563162241878112,1
22.711264033340708,2,0,526.7503179102562,0,4548.726492627703,8.872723661400773,0
14.584794869153011,1,1,2886.402618757838,1,1355.4537437482422,9.448473717800766,1
10.021285419090997,1,0,2322.5885823436024,1,4100.188243874491,8.245840391195735,0
11.550145091103317,0,1,597.9519320680117,0,4996.757999356279,8.655221775759394,1
23.682083490295383,0,1,4902.938294168314,0,1065.0419774145666,5.954907705579959,1
3.833785077902005,0,0,1077.4059578794604,0,1333.2019985049444,8.43299403784133,0
14.65574580041993,1,1,340.83472955235294,1,3317.670340296982,3.73153518233157,1
12.64721697211165,0,0,2976.2626606120384,0,4827.5886866571,4.58630885898293,0
15.286355885866195,1,0,3695.639052279498,0,4579.913597471812,3.8522171243668986,0
0.4527545955210127,0,0,167.0550130056989,0,2519.3488451272688,5.206486019031329,0
21.803097723603788,0,0,3295.2946054414756,0,3977.600309808356,3.5702165461477273,0
23.30295706209031,1,0,2663.797920377515,0,687.3718069685062,9.654502980290022,0
14.128329589730223,0,0,520.8087193308668,1,4887.416539178022,3.815601652051013,0
17.416270596922306,0,1,866.7567653470785,0,4822.122637839572,1.8824008429984584,1
23.062484529432393,0,0,2842.031615093822,0,827.0074998170631,5.741354494453721,0
17.680965857834966,24,0,1485.3062794988755,0,1504.1213927675021,1.5138917060065873,1
3.813476072856534,1,1,4691.887064613324,0,509.773437558767,1.9948884967772247,1
14.40720900417033,0,1,4094.607446272834,1,1365.8708185019168,2.9745045027662167,1
15.167876159571398,0,1,4917.918196535747,0,4081.619389181881,5.179152248939275,1
10.60326678255965,0,0,1302.0558405573179,1,1897.7948797546449,4.899258390781251,0
18.41110589061807,1,1,4848.769545825895,0,451.1008660623243,8.19722675802512,1
23.359175369225373,1,0,2159.0131796088317,0,1717.7053686467336,7.6552718849570205,0
23.139212822669407,0,0,1740.8563825922045,1,4907.102837863988,4.836864645916312,0
11.270984285103303,0,0,256.49588721191947,0,3152.1211403434227,4.003337868180669,0
2.830951146018881,0,0,268.5624630087151,1,2086.643122566727,3.8482190565534875,0
24.621029974058363,1,0,3461.59622345354,0,841.0271823513773,7.965955785646081,0
20.972452161148354,1,0,2292.3553271979695,1,4931.022218445637,1.4686516559914278,0
3.1165670300816712,0,0,1136.475522050348,0,4106.036556223013,1.1153948455954525,0
23.02104706543431,0,0,3071.781680094537,0,1414.5717392300878,8.159899527339832,0
21.747409051553205,0,0,1268.0263006593052,1,359.6427916487354,5.2943173839014435,0
12.970951428151803,24,0,2890.270612950391,1,292.5615313140146,2.177930246982184,1
14.781885893623231,0,0,1799.2476911785382,1,610.6869660326138,3.120093411350511,0
9.975067596753256,1,0,4118.643371926036,1,2908.035232235964,9.392535577876442,0
1.3690409705507833,1,0,4104.377323030063,1,4644.529471815407,8.735526780624081,0
8.379931041147524,0,0,2389.3652386213944,0,2488.7497057498626,7.388065452015753,0
20.071336214950286,0,1,1757.341451128403,0,4216.297957456424,5.340027073035939,1
0.11580057511507147,0,0,1815.9861838126772,0,2234.974233100441,5.682912635722472,0
8.337479292278605,1,0,4029.5440557127486,0,3545.831893381448,9.777200817555627,0
9.954217339773583,1,0,1644.2565165740718,0,3662.044959059639,9.691933994958584,0
13.434890073448072,1,0,1049.2515716656958,0,878.0788924576599,2.9374214120725086,0
22.996390410319012,0,0,428.0182676671576,0,1812.4681342893007,8.299941096747864,0
8.658649859149032,0,0,2336.1321388176198,0,3190.1377611247394,2.775183995503151,0
8.673830047405692,24,0,2413.2498341046103,0,362.77607483998725,2.9218373009555627,1
18.43753120274371,1,0,4205.339008462522,0,1814.0855369371534,7.084837307481191,0
11.305448522245179,0,0,1110.0872887480896,0,2678.6493367431503,4.6450098872879355,0
5.615120573499549,24,0,1908.0514119736577,1,4981.160220292747,9.383899663958681,1
11.310987903317335,1,0,4042.9866657739863,0,2377.922477485979,1.8010876140640795,0
3.521425509494996,0,0,4118.999935691123,0,4082.1232180004745,5.6037307672854375,0
4.409674662655583,1,0,1926.1323245139472,0,2166.0157524824226,9.266693773988091,0
12.459194318486993,2,0,2298.324496316971,0,3983.9897058723473,9.137022944315547,0
10.473136237613698,1,1,1519.9130247921682,0,2981.119860084341,2.4087629207416708,1
22.8711475267025,0,1,4663.111617704464,0,4434.111253096968,4.299739300868108,1
9.059847477915827,0,0,597.6256098791937,0,2060.603336227048,6.572092600420266,0
14.514708756951086,8,0,4669.078367892343,0,3025.4790549091795,2.4345539629426196,1
15.80660719798826,0,0,3420.9129269175396,0,3153.793216287949,9.712199548411649,0
0.3273614147083409,0,0,2660.202902670222,1,2092.7408795843617,9.232743958548943,0
16.588434300417767,0,0,168.13200861855688,1,730.1170980005328,2.5025516113102224,0
4.450899171743786,0,1,2380.6029781509314,0,476.8614404925544,2.0903991513488687,1
24.026757936736377,1,1,2041.7017844886477,0,93.19103749216917,1.7686763452743877,1
3.7165681938278237,8,0,810.2879658157372,0,4368.935978583621,9.18499297632968,1
10.365603093175594,0,0,3283.765969485781,0,1190.009812071086,2.742614288159147,0
2.1337417019660965,0,0,4855.898782304587,1,1065.4186789160226,4.746564356899192,0
24.921856296148682,0,0,2813.133111267303,0,3682.816648126067,5.039662290868027,0
12.554875258281065,2,0,3575.1926158375095,1,1606.8804043060848,6.391099397922108,0
14.884625433001094,1,0,346.91001056725383,0,2535.1630151350646,1.6456180937268248,0
1.6769119347106871,0,0,2091.2466441058887,1,820.9302158343069,3.0408275566046434,0
18.749011759979446,2,0,586.2106333966569,0,4799.131150095226,9.383413482270335,0
5.247639827389644,2,0,3065.9151985048693,1,4259.391186086014,9.175690965417125,0
22.451357236017845,2,1,4692.718380279703,0,4320.310218595367,8.03161582665123,1
5.128491012050179,8,0,3310.5797736958343,0,2039.801005374306,1.1746112105639388,1
4.767193016591664,0,0,388.6312263305355,0,3814.1824563987925,3.943060916464919,0
0.913741696202372,1,0,1776.5576939004889,0,727.942015395003,6.65162861808617,0
11.801673627749981,0,0,2755.5635803070536,1,53.00882293298359,3.476711905961281,0
14.12102833156541,2,0,2019.0227418855948,1,109.66493356436034,9.186280255483997,0
1.6427159857088092,1,0,4169.0518323234855,1,2937.1426696487565,6.705005156491977,0
19.388190417375263,1,1,4074.281668526396,0,2282.4205771872244,1.6471604558480104,1
11.33222086870069,1,0,3061.095945415591,1,2594.8965910535135,9.181050299521328,0
13.109756733189501,0,1,1870.4224359378627,0,47.24107068192483,9.619899923586003,1
11.019068673455704,0,0,1280.4051869474044,0,2119.2062320905543,1.6994117655255294,0
10.01907652188315,24,0,533.8422194745809,0,3593.1601243922955,5.791242113751834,1
13.991008282705447,8,0,1777.7139290153375,0,2219.041572817505,3.730278539927534,1
3.8810061482678124,0,0,2068.796723452559,0,3663.7738394979892,4.535551688332621,0
4.548203262381778,0,0,3380.7355108948477,0,1172.7646323402055,2.616860961598077,0
21.544640525337933,0,0,3292.5083223663796,0,4067.57860236381,6.202648918111713,0
23.652886553340817,1,0,355.19015750807847,1,2946.2718898627268,9.621814179240015,0
9.332732906993824,2,1,1979.3202805786332,0,1061.707866155232,5.527653402444481,1
6.768616828588844,0,1,912.9854417507228,0,1191.2351745106264,1.7462312325503304,1
16.099988580975396,0,1,788.2794630574444,0,3143.8720182019897,6.580012001296676,1
10.21835427745241,2,0,4137.3742379375435,0,4151.398570130093,4.062006950061313,0
0.6346588915086215,1,0,214.36650749770638,0,2083.9826323254842,8.70332670632168,0
3.903814934154759,0,0,2098.818465131096,0,1298.9191413466851,4.912103334848232,0
17.899305721184938,0,0,845.1772605537584,0,4336.387918483896,2.7355564804802106,0
16.473098547753786,0,0,4397.254427313977,0,3349.648775836666,2.7199506042203048,0
0.6773998125870873,0,0,2787.4173638088005,0,2245.946581542552,7.918877626490444,0
5.549304048323736,0,0,1160.746278702356,1,2444.621974443716,3.3902883847662393,0
5.776869914701785,1,0,2514.62429939605,0,1029.239775002618,7.9051005474330065,0
16.79731858996821,2,1,3658.7743667170635,0,3137.7451240235714,2.8529857968993944,1
0.49276344385910387,1,0,4790.799454552572,1,1800.1251276090143,3.8951773183117844,0
2.6027145496143462,1,0,1106.1277912058677,0,4978.269431605003,5.189382751957295,0
19.997902134329735,0,0,4431.477951786079,0,2406.11574115682,9.488762647241057,0
4.46361655135834,0,1,4671.849050266614,1,2434.56917488617,9.385582822784421,1
16.31865269629687,0,0,4582.520619937671,0,2833.6004191792526,2.8618468788005904,0
5.954569526168163,0,0,3178.89471252524,0,4584.6124555625465,4.223971371187655,0
2.486034818983629,1,0,3150.954168901365,0,4006.082318300154,2.3445944960839507,0
6.079304774986352,24,0,2019.0371127531948,0,2261.139048291229,5.5898657138214745,1
18.05667329639148,0,0,3763.2274221074204,0,3596.309337204252,5.145242956251999,0
21.392411702657142,0,0,2658.813621662905,0,2935.3151389160007,9.106841462056591,0
20.75549661417479,2,0,3388.8031657853307,0,2466.911573019232,9.370048400119654,0
9.92958824046137,0,0,2145.1472297247333,0,969.6557061939092,4.452106519065628,0
16.702128414266156,0,0,3658.8248378954795,0,2325.0419546399057,5.425641487170905,0
5.1246073853955245,1,1,4123.235230434722,0,1236.6347492426476,9.066126242315198,1
7.328693256525332,1,0,736.4491017310665,0,4575.062327759757,8.260370269705554,0
22.408395463027993,0,0,4165.483929293269,0,1683.6799993467712,1.0329068021018435,0
0.3250480877684009,0,0,2703.7811762925844,0,4761.797432521527,3.8805360776522426,0
2.1377132713617018,1,0,4224.10621590567,1,2669.945897572609,4.795968177425133,0
5.197156378650683,0,0,2159.352023173368,0,3161.40644959404,3.0674465531490855,0
0.6633050968454929,0,0,1898.30722448826,0,2719.2728180017457,2.796144543063449,0
4.535885877244933,1,0,4575.728358923526,0,655.6092786638375,1.340060559361117,0
14.576039024242304,0,0,1259.5904914042644,0,1885.3478828496254,6.790327525627845,0
10.53561376481245,1,0,4221.840564804284,1,504.73910026534344,3.362592614348491,0
22.31679277692437,0,0,2422.6827596844737,0,3118.540680475075,1.4711246058818177,0
20.436089043461024,24,1,2572.9067355435423,1,2239.90223405019,3.078813794752573,1
8.5454337924469,0,0,1545.7990660399728,0,3892.145008138975,8.217225575525138,0
6.485585835782312,0,0,2867.345792091983,0,1110.1477001868554,8.663402634818919,0
9.492310204181672,0,0,1629.4299253996755,0,831.1846315623812,5.347596206739724,0
14.757373562870194,0,0,201.1507241370533,1,2037.5978325092015,4.744636033678176,0
6.7015910205719065,2,0,1363.6330336950584,0,4633.661062259722,9.800683241516035,0
15.60372269622835,24,0,36.86332181592044,0,3555.0048569119344,2.805081936292629,1
10.235291304781011,0,1,4891.882161348999,0,2100.428887716664,2.9382335456914763,1
13.801179521299506,0,0,4828.907313049639,0,2591.1881270740096,3.6268045933275976,0
10.903163228382917,1,0,1978.8007108741638,1,430.2229257737207,2.554815864529786,0
7.361643988547942,2,0,3643.212417426532,0,4923.033722916804,4.414290383837679,0
23.711332674053917,0,0,1732.3014615600728,0,3335.3724504276456,9.197508042907785,0
19.09014485399402,0,0,3357.1103196444506,1,1434.166301632478,6.538130565657169,0
3.5028293941613136,0,0,4028.1230650146654,0,2933.183887134069,4.707518937510373,0
21.71169939744782,1,0,4734.047442237743,1,556.3170066842799,9.409697151140932,0
12.185779956237841,0,0,2004.0603178691117,0,4829.524977349842,1.4361780922824008,0
22.363805672352285,1,0,3917.573424865458,0,882.177089537996,2.8924856011167526,0
19.996381398682882,0,0,1333.3126109074333,1,3243.6712870955184,6.092997445915831,0
10.630337611730836,1,0,4951.709857449274,0,1234.817768069263,6.539973608738612,0
0.561732708002935,0,1,133.71914582793397,0,3590.6312994161935,1.3560175590635182,1
6.716933984623652,0,0,3019.6263884730993,0,3886.3386225290024,4.6273488211641896,0
13.540855366521672,0,1,3299.232378348379,0,3370.364447268049,6.842385683477855,1
15.836955495653681,1,0,3441.7875575852736,0,3076.3523066734106,7.282634917630615,0
6.447192135830057,0,0,606.3359560514996,1,4463.4207788205385,6.743259122646424,0
3.4839018518206033,0,0,4692.956268448286,0,402.3472878388926,3.885069019248321,0
20.873255919982476,0,0,910.0104788551636,0,1661.264681243174,1.8416811123811856,0
24.610054517588804,0,0,3115.653249183006,1,1248.9545233579213,4.844012017774007,0
13.142254557567146,1,0,1117.2670152198093,0,4940.189670706453,2.158789936312499,0
4.291982146207587,1,0,1539.5460030212482,0,1953.0550005376988,9.528612926686003,0
6.807683162984224,2,0,2734.560415931981,0,3665.73736920959,5.276537794203654,0
0.45976691368666833,0,0,2088.8811257300595,1,3426.7785677662127,3.855332569211808,0
22.857470164012476,2,0,805.3268768776489,0,1068.2853750121149,7.896736640070101,0
2.9437770722535284,0,1,858.8273300921372,1,1202.598424255641,5.481537333240375,1
14.412911887856339,0,0,2093.633216873184,1,1413.6099721296403,3.7903062161120507,0
6.85138051718015,0,0,3787.628476486126,0,2061.5251185143024,8.307709681517215,0
13.854450062894836,0,0,4490.3334110047035,0,1179.2820775961288,8.804369359010098,0
16.285509708796607,1,0,425.2176729856173,1,108.06089890677055,7.057073496598093,0
20.74354509268004,1,0,1968.5540182592083,0,4398.171353467906,1.4226798016690057,0
5.16053179401508,1,0,505.72659079576874,1,4828.393058590612,6.096905921498789,0
0.27489571646201194,0,0,87.87944075982642,1,1714.4362312875242,7.869654207975534,0
3.422140751720182,0,0,3310.284819806563,0,1699.1493283331097,2.22852710875224,0
22.50046604620263,0,0,3014.234962623106,0,45.38814574411123,3.0580367624614304,0
21.847251939062883,0,0,819.2804735053566,1,3404.4509347685666,8.942455945613228,0
14.935327554257707,0,1,1172.8951012998552,1,4128.945079785657,1.1810954966776663,1
15.012921510841334,0,0,123.42022945436932,0,741.5754187964158,7.774544240433784,0
16.625916863656386,0,0,4175.561292443546,0,806.7350833420821,5.263959632629806,0
4.38428196558624,0,0,4873.579527262515,0,3952.5154173574742,5.020949429556461,0
22.860298648123994,1,0,681.6203862894806,0,3085.290834287182,1.0638687924539845,0
10.469263122301827,24,1,1161.218692757664,0,233.8541825623079,8.374584078698435,1
9.578463206237437,8,0,4342.705572114935,0,3116.5094824067855,4.238424105729099,1
12.97294263207094,1,0,4632.686670791143,0,1551.4994369903927,5.866890681704886,0
1.1741491693763761,0,1,2101.0387771200176,0,1849.9385257995214,7.095706177020935,1
4.157084218901986,1,0,257.85924898402527,0,3850.959777301432,7.323666187941242,0
18.45084041065926,1,0,201.7622092956329,0,4056.566611436327,9.60382052943465,0
2.0699666981281615,0,0,2871.879581014707,0,2007.7795679307549,5.7820595791294815,0
15.078802736659705,0,0,1967.5110689214291,0,4736.2931506717105,4.597475958769849,0
6.133727742033024,2,0,148.11887575038432,0,2038.2489625808405,9.583332638425372,0
9.732390351049414,0,1,2918.345699601221,0,3861.4618157982486,6.77899211522969,1
7.217343419267497,0,1,61.45617026216725,0,2424.5475501756528,3.6833532064890004,1
8.891817911623729,0,0,3937.9229309556185,0,4488.686309345199,2.1381782086321404,0
17.97614762960614,0,0,1535.631949403341,1,4539.728605814391,8.582990513186632,0
7.428042890579375,0,0,206.08872503111434,0,446.20987127670844,4.259634425147365,0
14.16011600742243,0,1,2943.819343810851,1,4683.101723238026,6.944227492279881,1
11.901260054977492,0,0,1991.433650093108,0,4129.418859186874,5.237347774293083,0
16.591779134066204,0,0,4869.133064718962,0,3958.6404644202075,2.790368018155345,0
23.42074348311895,2,0,2723.2723192059925,1,1012.547585030757,6.415179477584186,0
18.31430243025626,0,0,1379.8197092798564,0,4027.5448516857778,1.5461476205561409,0
5.373509464768919,0,0,3548.647128846704,0,4252.162346078334,4.720082138840731,0
0.7795783765321168,0,0,1361.102552700843,0,1452.8601689262132,5.9195344569730395,0
6.556601107495627,8,0,4521.695240580788,0,4761.777791027996,4.924422767067211,1
14.876948267506371,0,0,1876.7362426843454,0,258.8021305318296,7.738049577258917,0
1.2856453371062586,0,0,2751.593471067145,0,758.0471737032269,8.451324590907813,0
12.409156180030909,2,0,257.61265360202316,0,2692.5298788770565,7.941187666298602,0
14.92107122292223,2,1,2133.4755835713927,0,2883.2044309003254,1.349316530306219,1
8.356097270424021,0,0,4162.65588060667,1,3229.298915671508,2.7471589340137497,0
19.272805093645548,2,0,4029.215782789893,0,94.67595528417762,5.829467583373969,0
2.664956328344295,0,0,1125.4712014733636,0,4802.23020536443,9.413398363994212,0
1.878444543395219,0,0,1134.2649596977606,1,232.49458274337852,8.51461097546905,0
18.204718905090083,0,0,4087.4400345051176,0,723.8791440897779,8.582810575166215,0
12.387282905154962,0,1,4652.3401087457805,0,79.93244245502433,3.728873743837074,1
17.210059910693403,1,0,481.32780175865275,0,2838.6235821375326,4.865031073708323,0
10.870683465093656,0,0,2253.042903933995,0,4662.011750765651,5.236353525843437,0
6.160050830977671,0,0,1690.5841234263237,0,3333.0763587415163,2.416344250149194,0
20.477557941854993,1,1,4354.088835009909,1,4115.060767717332,1.279613172200107,1
19.985396974224482,1,0,422.20694882669375,1,76.2732052583146,9.522126095144651,0
17.36741177136067,0,0,1059.5740830773968,0,2714.656339413833,3.1664132709715607,0
6.803628430749067,1,0,3763.579346244539,0,2303.2192577525543,3.1595401335126816,0
14.755766671727176,0,0,261.21277566117186,0,2499.850041661757,1.7504114839188358,0
9.02434742350067,1,0,2465.2142266678748,0,370.3437948225878,9.356569767494006,0
2.289551833165854,1,1,2213.3246382252014,1,3425.332451735844,6.217634034457948,1
22.93283938655607,24,0,1675.3338890487996,0,2521.069870144586,7.003331714128185,1
3.420465772974035,0,0,1975.8887150180242,0,3828.0927608077072,9.204191985367473,0
23.75593384552006,0,0,2652.0532317165134,1,2431.6002639679596,4.110581520107106,0
11.150144323948894,0,1,811.0299551499737,0,755.4143647698961,6.593565800242757,1
